{
  "CNN-Transformer": {
    "Bleu_1": 0.6561455594901383,
    "Bleu_2": 0.47911490665663403,
    "Bleu_3": 0.3427754567407574,
    "Bleu_4": 0.24649464027841078,
    "ROUGE_L": 0.44898207933267636,
    "CIDEr": 0.7486818058023785,
    "METEOR": 0.26325607171292054,
    "METEOR_backend": "pycocoevalcap"
  },
  "CNN-LSTM": {
    "Bleu_1": 0.5494975874421263,
    "Bleu_2": 0.38822382327144966,
    "Bleu_3": 0.26446489625877817,
    "Bleu_4": 0.1795682161578781,
    "ROUGE_L": 0.41068374441621625,
    "CIDEr": 0.5611252884175129,
    "METEOR": 0.2429583391367424,
    "METEOR_backend": "pycocoevalcap"
  }
}